{"chunk_definitions":[{"row":25,"row_count":1,"visible":true,"expansion_state":0,"options":{"engine":"r","label":"unnamed-chunk-5","dev":"png"},"document_id":"6C06A4DB","chunk_id":"creeb1gso0fhm","chunk_label":"unnamed-chunk-1"},{"row":69,"row_count":1,"visible":true,"expansion_state":0,"options":{"engine":"r","label":"unnamed-chunk-16","dev":"png"},"document_id":"6C06A4DB","chunk_id":"cot5653lgmlct","chunk_label":"unnamed-chunk-2"},{"row":101,"row_count":1,"visible":true,"expansion_state":0,"options":{"engine":"r","label":"unnamed-chunk-20","dev":"png"},"document_id":"6C06A4DB","chunk_id":"cmkff5hmlwzuu","chunk_label":"unnamed-chunk-3"},{"row":441,"row_count":1,"visible":true,"expansion_state":0,"options":{"engine":"r","label":"unnamed-chunk-45","dev":"png"},"document_id":"6C06A4DB","chunk_id":"cds6nk4ugdl7g","chunk_label":"unnamed-chunk-4"}],"doc_write_time":1745726642}